{
  "project_info": {
    "project_number": "686041649426",
    "project_id": "barcode-8fcdc",
    "storage_bucket": "barcode-8fcdc.appspot.com"
  },
  "client": [
    {
      "client_info": {
        "mobilesdk_app_id": "1:686041649426:android:21a49d550ee6cf80c023cb",
        "android_client_info": {
          "package_name": "com.firebase.barcode_scanner"
        }
      },
      "oauth_client": [
        {
          "client_id": "686041649426-rslktmdie801c0lhftrb6ckdldrcmic6.apps.googleusercontent.com",
          "client_type": 3
        }
      ],
      "api_key": [
        {
          "current_key": "AIzaSyAThcJMw2M-iuj8bYjWpb34BhWNec8LVIw"
        }
      ],
      "services": {
        "appinvite_service": {
          "other_platform_oauth_client": [
            {
              "client_id": "686041649426-rslktmdie801c0lhftrb6ckdldrcmic6.apps.googleusercontent.com",
              "client_type": 3
            }
          ]
        }
      }
    }
  ],
  "configuration_version": "1"
}